{
    "$schema": "https://schema.management.azure.com/schemas/2015-01-01/deploymentTemplate.json#",
    "contentVersion": "1.0.0.0",
    "parameters": {
        "databaseAccounts_gamecomparison_name": {
            "defaultValue": "gamecomparison",
            "type": "String"
        }
    },
    "variables": {},
    "resources": [
        {
            "type": "Microsoft.DocumentDB/databaseAccounts",
            "apiVersion": "2020-06-01-preview",
            "name": "[parameters('databaseAccounts_gamecomparison_name')]",
            "location": "West US",
            "tags": {
                "defaultExperience": "Core (SQL)",
                "hidden-cosmos-mmspecial": "",
                "CosmosAccountType": "Non-Production"
            },
            "kind": "GlobalDocumentDB",
            "identity": {
                "type": "None"
            },
            "properties": {
                "publicNetworkAccess": "Enabled",
                "enableAutomaticFailover": false,
                "enableMultipleWriteLocations": false,
                "isVirtualNetworkFilterEnabled": false,
                "virtualNetworkRules": [],
                "disableKeyBasedMetadataWriteAccess": false,
                "enableFreeTier": true,
                "enableAnalyticalStorage": false,
                "createMode": "Default",
                "databaseAccountOfferType": "Standard",
                "consistencyPolicy": {
                    "defaultConsistencyLevel": "Session",
                    "maxIntervalInSeconds": 5,
                    "maxStalenessPrefix": 100
                },
                "locations": [
                    {
                        "locationName": "West US",
                        "provisioningState": "Succeeded",
                        "failoverPriority": 0,
                        "isZoneRedundant": false
                    }
                ],
                "cors": [],
                "capabilities": [],
                "ipRules": [],
                "backupPolicy": {
                    "type": "Periodic",
                    "periodicModeProperties": {
                        "backupIntervalInMinutes": 240,
                        "backupRetentionIntervalInHours": 8
                    }
                }
            }
        },
        {
            "type": "Microsoft.DocumentDB/databaseAccounts/sqlDatabases",
            "apiVersion": "2020-06-01-preview",
            "name": "[concat(parameters('databaseAccounts_gamecomparison_name'), '/', parameters('databaseAccounts_gamecomparison_name'))]",
            "dependsOn": [
                "[resourceId('Microsoft.DocumentDB/databaseAccounts', parameters('databaseAccounts_gamecomparison_name'))]"
            ],
            "properties": {
                "resource": {
                    "id": "GameComparison"
                },
                "options": {}
            }
        },
        {
            "type": "Microsoft.DocumentDB/databaseAccounts/sqlDatabases/containers",
            "apiVersion": "2020-06-01-preview",
            "name": "[concat(parameters('databaseAccounts_gamecomparison_name'), '/', parameters('databaseAccounts_gamecomparison_name'), '/Game')]",
            "dependsOn": [
                "[resourceId('Microsoft.DocumentDB/databaseAccounts/sqlDatabases', parameters('databaseAccounts_gamecomparison_name'), parameters('databaseAccounts_gamecomparison_name'))]",
                "[resourceId('Microsoft.DocumentDB/databaseAccounts', parameters('databaseAccounts_gamecomparison_name'))]"
            ],
            "properties": {
                "resource": {
                    "id": "Game",
                    "indexingPolicy": {
                        "indexingMode": "consistent",
                        "automatic": true,
                        "includedPaths": [
                            {
                                "path": "/*"
                            }
                        ],
                        "excludedPaths": [
                            {
                                "path": "/\"_etag\"/?"
                            }
                        ]
                    },
                    "partitionKey": {
                        "paths": [
                            "/game/id"
                        ],
                        "kind": "Hash"
                    },
                    "uniqueKeyPolicy": {
                        "uniqueKeys": []
                    },
                    "conflictResolutionPolicy": {
                        "mode": "LastWriterWins",
                        "conflictResolutionPath": "/_ts"
                    }
                },
                "options": {}
            }
        },
        {
            "type": "Microsoft.DocumentDB/databaseAccounts/sqlDatabases/containers",
            "apiVersion": "2020-06-01-preview",
            "name": "[concat(parameters('databaseAccounts_gamecomparison_name'), '/', parameters('databaseAccounts_gamecomparison_name'), '/GameCollection')]",
            "dependsOn": [
                "[resourceId('Microsoft.DocumentDB/databaseAccounts/sqlDatabases', parameters('databaseAccounts_gamecomparison_name'), parameters('databaseAccounts_gamecomparison_name'))]",
                "[resourceId('Microsoft.DocumentDB/databaseAccounts', parameters('databaseAccounts_gamecomparison_name'))]"
            ],
            "properties": {
                "resource": {
                    "id": "GameCollection",
                    "indexingPolicy": {
                        "indexingMode": "consistent",
                        "automatic": true,
                        "includedPaths": [
                            {
                                "path": "/*"
                            }
                        ],
                        "excludedPaths": [
                            {
                                "path": "/\"_etag\"/?"
                            }
                        ]
                    },
                    "partitionKey": {
                        "paths": [
                            "/username"
                        ],
                        "kind": "Hash"
                    },
                    "uniqueKeyPolicy": {
                        "uniqueKeys": []
                    },
                    "conflictResolutionPolicy": {
                        "mode": "LastWriterWins",
                        "conflictResolutionPath": "/_ts"
                    }
                },
                "options": {}
            }
        },
        {
            "type": "Microsoft.DocumentDB/databaseAccounts/sqlDatabases/containers",
            "apiVersion": "2020-06-01-preview",
            "name": "[concat(parameters('databaseAccounts_gamecomparison_name'), '/', parameters('databaseAccounts_gamecomparison_name'), '/SearchHistory')]",
            "dependsOn": [
                "[resourceId('Microsoft.DocumentDB/databaseAccounts/sqlDatabases', parameters('databaseAccounts_gamecomparison_name'), parameters('databaseAccounts_gamecomparison_name'))]",
                "[resourceId('Microsoft.DocumentDB/databaseAccounts', parameters('databaseAccounts_gamecomparison_name'))]"
            ],
            "properties": {
                "resource": {
                    "id": "SearchHistory",
                    "indexingPolicy": {
                        "indexingMode": "consistent",
                        "automatic": true,
                        "includedPaths": [
                            {
                                "path": "/*"
                            }
                        ],
                        "excludedPaths": [
                            {
                                "path": "/\"_etag\"/?"
                            }
                        ]
                    },
                    "partitionKey": {
                        "paths": [
                            "/uuid"
                        ],
                        "kind": "Hash"
                    },
                    "uniqueKeyPolicy": {
                        "uniqueKeys": []
                    },
                    "conflictResolutionPolicy": {
                        "mode": "LastWriterWins",
                        "conflictResolutionPath": "/_ts"
                    }
                },
                "options": {}
            }
        },
        {
            "type": "Microsoft.DocumentDB/databaseAccounts/sqlDatabases/containers",
            "apiVersion": "2020-06-01-preview",
            "name": "[concat(parameters('databaseAccounts_gamecomparison_name'), '/', parameters('databaseAccounts_gamecomparison_name'), '/SearchResults')]",
            "dependsOn": [
                "[resourceId('Microsoft.DocumentDB/databaseAccounts/sqlDatabases', parameters('databaseAccounts_gamecomparison_name'), parameters('databaseAccounts_gamecomparison_name'))]",
                "[resourceId('Microsoft.DocumentDB/databaseAccounts', parameters('databaseAccounts_gamecomparison_name'))]"
            ],
            "properties": {
                "resource": {
                    "id": "SearchResults",
                    "indexingPolicy": {
                        "indexingMode": "consistent",
                        "automatic": true,
                        "includedPaths": [
                            {
                                "path": "/*"
                            }
                        ],
                        "excludedPaths": [
                            {
                                "path": "/\"_etag\"/?"
                            }
                        ]
                    },
                    "partitionKey": {
                        "paths": [
                            "/search/Id"
                        ],
                        "kind": "Hash"
                    },
                    "uniqueKeyPolicy": {
                        "uniqueKeys": []
                    },
                    "conflictResolutionPolicy": {
                        "mode": "LastWriterWins",
                        "conflictResolutionPath": "/_ts"
                    }
                },
                "options": {}
            }
        },
        {
            "type": "Microsoft.DocumentDB/databaseAccounts/sqlDatabases/containers",
            "apiVersion": "2020-06-01-preview",
            "name": "[concat(parameters('databaseAccounts_gamecomparison_name'), '/', parameters('databaseAccounts_gamecomparison_name'), '/Terms')]",
            "dependsOn": [
                "[resourceId('Microsoft.DocumentDB/databaseAccounts/sqlDatabases', parameters('databaseAccounts_gamecomparison_name'), parameters('databaseAccounts_gamecomparison_name'))]",
                "[resourceId('Microsoft.DocumentDB/databaseAccounts', parameters('databaseAccounts_gamecomparison_name'))]"
            ],
            "properties": {
                "resource": {
                    "id": "Terms",
                    "indexingPolicy": {
                        "indexingMode": "consistent",
                        "automatic": true,
                        "includedPaths": [
                            {
                                "path": "/*"
                            }
                        ],
                        "excludedPaths": [
                            {
                                "path": "/\"_etag\"/?"
                            }
                        ]
                    },
                    "partitionKey": {
                        "paths": [
                            "/username"
                        ],
                        "kind": "Hash"
                    },
                    "uniqueKeyPolicy": {
                        "uniqueKeys": []
                    },
                    "conflictResolutionPolicy": {
                        "mode": "LastWriterWins",
                        "conflictResolutionPath": "/_ts"
                    }
                },
                "options": {}
            }
        },
        {
            "type": "Microsoft.DocumentDB/databaseAccounts/sqlDatabases/throughputSettings",
            "apiVersion": "2020-06-01-preview",
            "name": "[concat(parameters('databaseAccounts_gamecomparison_name'), '/', parameters('databaseAccounts_gamecomparison_name'), '/default')]",
            "dependsOn": [
                "[resourceId('Microsoft.DocumentDB/databaseAccounts/sqlDatabases', parameters('databaseAccounts_gamecomparison_name'), parameters('databaseAccounts_gamecomparison_name'))]",
                "[resourceId('Microsoft.DocumentDB/databaseAccounts', parameters('databaseAccounts_gamecomparison_name'))]"
            ],
            "properties": {
                "resource": {
                    "throughput": 400
                }
            }
        }
    ]
}